[
{"name": "Jbd Associates", "rating": "4.1", "contact": "+(91)-9152497768", "address": "D-203, Lajpat Nagar 1, Delhi - 110024"},
{"name": "Trehan Properties", "rating": "3.8", "contact": "+(91)-9152337447", "address": "B 191, Ground Floor, Naraina Industrial Phase 1, Delhi - 110028, Near Bikaner Wala"},
{"name": "Noble Estate & Developers", "rating": "4.0", "contact": "+(91)-9152471339", "address": "7/59, Old Double Storey, Amar Colony-lajpat Nagar, Delhi - 110024, Near Gurudwara"},
{"name": "Rana Property Consultants", "rating": "5.0", "contact": "+(91)-9152597784", "address": "38/10, G Block, Dda Market, Behind PVR Vikaspuri, Vikaspuri, delhi - 110018, Opposite SBI Bank"},
{"name": "Shree S S Properties and De..", "rating": "4.1", "contact": "+(91)-9152120789", "address": "631, Niti Khand 2-Indirapuram, Ghaziabad - 201014, Opposite Presidium School"},
{"name": "Amber Associates", "rating": "4.3", "contact": "+(91)-9152615567", "address": "SC -159, Jaipuria Sunrise Plaza, Indirapuram, ghaziabad - 201014, Jaipuria Mall"},
{"name": "Satguru Properties", "rating": "4.0", "contact": "+(91)-9152471422", "address": "I 24, Lajpat Nagar 1, Delhi - 110024, Near Lajpat Nagar Railway Station"},
{"name": "Amit Estate", "rating": "4.1", "contact": "+(91)-9152290887", "address": "1/2 shop no, Outer Ring Road, Sunder Vihar, Delhi - 110087, Opposite White House and McDonalds"},
{"name": "Vasu Traders", "rating": "3.5", "contact": "+(91)-9152229665", "address": "House No - 108, Khichripur, Mayur Vihar Phase 2, Delhi - 110091"},
{"name": "Rentpai.com", "rating": "3.0", "contact": "+(91)-9152685901", "address": "Shop No :- 1, Ist Floor, Yadav Market,, Bisrakh, Noida - 201306, Near Hanuman Mandir Gol Chakkar"}
]